english_name,korean_name,image_url
Aatrox,아트록스,https://cdn.discordapp.com/attachments/1380885275382648914/1380928857489801266/Aatrox.png?ex=6845a9b8&is=68445838&hm=22f2ad983ceae301e69c20d67920212c1a63c7491f85e8fdb3112b6971182016&
Ahri,아리,https://cdn.discordapp.com/attachments/1380885275382648914/1380928857762299944/Ahri.png?ex=6845a9b8&is=68445838&hm=5854a1e0367d207bce1824cc37ed404224ef98d4b5b1e83b001712925b14a904&
Akali,아칼리,https://cdn.discordapp.com/attachments/1380885275382648914/1380928858051838092/Akali.png?ex=6845a9b8&is=68445838&hm=6102349c4d5944f5fcc23387bcab8e3f4e63d0400829859ebd2c28f67195e3e1&
Akshan,아크샨,https://cdn.discordapp.com/attachments/1380885275382648914/1380928858316083371/Akshan.png?ex=6845a9b8&is=68445838&hm=6c07fe64d678e76343faf332d0cc5ba989627ecef51f57f6bdff56cbca6e68d7&
Alistar,알리스타,https://cdn.discordapp.com/attachments/1380885275382648914/1380928858714538075/Alistar.png?ex=6845a9b8&is=68445838&hm=82570f925e9aabd32b75ddcc564ff99aabfbbe453b73eab40beb19de09607c7a&
Ambessa,암베사,https://cdn.discordapp.com/attachments/1380885275382648914/1380928858961875095/Ambessa.png?ex=6845a9b8&is=68445838&hm=4acdb23415bfae21441a76f4b19fac00a6aba3d39136774d757f64fa070e396f&
Amumu,아무무,https://cdn.discordapp.com/attachments/1380885275382648914/1380928859293352106/Amumu.png?ex=6845a9b8&is=68445838&hm=2e92f8f95ba6eebb85dc961da961f03587168203857d0bde48abfc5d059c21d8&
Anivia,애니비아,https://cdn.discordapp.com/attachments/1380885275382648914/1380928859532165140/Anivia.png?ex=6845a9b8&is=68445838&hm=3df2b74720d36d9ed18b58f809929200376ee33a02f0068198c466e4c6655ab6&
Annie,애니,https://cdn.discordapp.com/attachments/1380885275382648914/1380928859804799067/Annie.png?ex=6845a9b8&is=68445838&hm=82615d213d212fa9e775761d0a78b3a877526bf5f277b94a907e098051f25e53&
Aphelios,아펠리오스,https://cdn.discordapp.com/attachments/1380885275382648914/1380928860110979102/Aphelios.png?ex=6845a9b8&is=68445838&hm=b8391a2b49c2541181feefeca7d869c8253eb95591d6377f250f3f074c46ac76&
Ashe,애쉬,https://cdn.discordapp.com/attachments/1380885275382648914/1380929744123592704/Ashe.png?ex=6845aa8b&is=6844590b&hm=d035b9cd322554b4d7d22fdbc0f0a2cccfd9a23a6b0e91c1dd309d2ade35051b&
Aurelion_Sol,아우렐리온 솔,https://cdn.discordapp.com/attachments/1380885275382648914/1380929744463204363/Aurelion_Sol.png?ex=6845aa8b&is=6844590b&hm=19bf38243b601d00ae4f89c1d79238c7f00fa31672675f1d26da4d294f1e731a&
Aurora,오로라,https://cdn.discordapp.com/attachments/1380885275382648914/1380929744748544000/Aurora.png?ex=6845aa8b&is=6844590b&hm=9cb5c1c735c7d33ddb5e6ca989fe634838ab074a1218d0a16eebb8a743c6b655&
Azir,아지르,https://cdn.discordapp.com/attachments/1380885275382648914/1380929745046470806/Azir.png?ex=6845aa8b&is=6844590b&hm=f26d60efdfcc4a1a9945ba98ee488afb58e46f6978b06052fb693703bd4836d7&
Bard,바드,https://cdn.discordapp.com/attachments/1380885275382648914/1380929745398665347/Bard.png?ex=6845aa8b&is=6844590b&hm=aab34281162f2fdf29968b41e5797bbae62ddbf9f086d6d42cbb2f0adce02bb2&
Bel_Veth,벨베스,https://cdn.discordapp.com/attachments/1380885275382648914/1380929745855709194/Bel_Veth.png?ex=6845aa8b&is=6844590b&hm=4a576e71314fc0cf05c4fd60e6fc47d7391dbe9d2e2b849896c191283c47f7cf&
Blitzcrank,블리츠크랭크,https://cdn.discordapp.com/attachments/1380885275382648914/1380929746371612833/Blitzcrank.png?ex=6845aa8b&is=68445838&hm=e6cc2580ec9f5f5de8feab17995d38844ec23b5c472cfe408e690dd9a21a6d08&
Brand,브랜드,https://cdn.discordapp.com/attachments/1380885275382648914/1380929746715803740/Brand.png?ex=6845aa8c&is=6844590c&hm=b228f1a91fdcc50f2914764e9675437ef2990a5d95c69e3740226e631396dc93&
Braum,브라움,https://cdn.discordapp.com/attachments/1380885275382648914/1380929747055284314/Braum.png?ex=6845aa8c&is=6844590c&hm=5afbaa2baf15ad0fbfcde84c4745dd2ab096bb9d4b2ec50c1a28d6170dfc37b5&
Briar,브라이어,https://cdn.discordapp.com/attachments/1380885275382648914/1380929743859224646/Briar.png?ex=6845aa8b&is=6844590b&hm=d82b77cbe3f251fd17d27452df95fc4249cb7e6dfa283a68f6aaebf428af1891&
Caitlyn,케이틀린,https://cdn.discordapp.com/attachments/1380885275382648914/1380929994804432986/Caitlyn.png?ex=6845aac7&is=68445947&hm=c2062eb1f7238cb198758647cb0cc16e4d766331d1a920b0c5f4a6e074153fc2&
Camille,카밀,https://cdn.discordapp.com/attachments/1380885275382648914/1380929995182051358/Camille.png?ex=6845aac7&is=68445947&hm=328c45b59bff0a3ab1325e88aab07d55553564dc6b41c887edf035dc47ea6c27&
Cassiopeia,카시오페아,https://cdn.discordapp.com/attachments/1380885275382648914/1380929995471589538/Cassiopeia.png?ex=6845aac7&is=68445947&hm=9970f32ae4719cd17c81d020f2dbeebb9ac61858be7086716a24186feb06894e&
Cho_Gath,초가스,https://cdn.discordapp.com/attachments/1380885275382648914/1380929995760865413/Cho_Gath.png?ex=6845aac7&is=68445947&hm=afee5d65f3f51761517d2d0133d964c520b2a2d55534317866fb1812ba9d1f4d&
Corki,코르키,https://cdn.discordapp.com/attachments/1380885275382648914/1380929996146868425/Corki.png?ex=6845aac7&is=68445947&hm=d43828aea8cf1460fefe3c509be8a2346a085135eda8fc3d6b5da25590374853&
Darius,다리우스,https://cdn.discordapp.com/attachments/1380885275382648914/1380929996499194008/Darius.png?ex=6845aac7&is=68445947&hm=05442a3c95d33e19f4ebdf44d827de18f5f5c0a584e84aba3baf090127bf3c06&
Diana,다이애나,https://cdn.discordapp.com/attachments/1380885275382648914/1380929996792660151/Diana.png?ex=6845aac7&is=68445947&hm=63c8ee5e1377d08b95e0065a89ae09e5e1a6e60ac23a8c23974a7b9d82fb09ed&
Dr_Mundo,문도 박사,https://cdn.discordapp.com/attachments/1380885275382648914/1380929997145112616/Dr_Mundo.png?ex=6845aac7&is=68445947&hm=437e463871dd12ef1fa9d824e616f70f02aa8b45a469d8b8fccc3332c262655c&
Draven,드레이븐,https://cdn.discordapp.com/attachments/1380885275382648914/1380929997417480283/Draven.png?ex=6845aac7&is=68445947&hm=04de19a01af8435e8a0c7561d35834441331a6cd5292b37228f1f99ea4531a9e&
Ekko,에코,https://cdn.discordapp.com/attachments/1380885275382648914/1380929997799292999/Ekko.png?ex=6845aac7&is=68445947&hm=9d963f2483257fd9edf9e91bc4ee16d426527717c0b99a042b4bfef4aea80d37&
Elise,엘리스,https://cdn.discordapp.com/attachments/1380885275382648914/1380930224694493337/Elise.png?ex=6845aafe&is=6844597e&hm=ae436dc3e32cff732284eb1defb54dad29a0a250882d9e0e758c67a1b1160c60&
Evelynn,이블린,https://cdn.discordapp.com/attachments/1380885275382648914/1380930224988098734/Evelynn.png?ex=6845aafe&is=6844597e&hm=281833d8ab5a6e5c99a9467a313e2ffd0cc4e8537a67db0c97968f7d9143e4d4&
Ezreal,이즈리얼,https://cdn.discordapp.com/attachments/1380885275382648914/1380930225252073583/Ezreal.png?ex=6845aafe&is=6844597e&hm=e1995036175664990e09849029db6e5a3fd1dcfc8cdb97c0f016628a604ea2f1&
Fiddlesticks,피들스틱,https://cdn.discordapp.com/attachments/1380885275382648914/1380930225461923850/Fiddlesticks.png?ex=6845aafe&is=6844597e&hm=5cc030fb858043483deea8688204b78c9d0aec8c30df2fb6aac397685074b1a0&
Fiora,피오라,https://cdn.discordapp.com/attachments/1380885275382648914/1380930225755521285/Fiora.png?ex=6845aafe&is=6844597e&hm=aa02f87912c482ae32345c60c2b281952b89319066b58c0312c173a1c2a959ee&
Fizz,피즈,https://cdn.discordapp.com/attachments/1380885275382648914/1380930226007048202/Fizz.png?ex=6845aafe&is=6844597e&hm=b5caff1592f0665ca40ee3d7cbe3db23ee5f9df918e27fadd8b02ca34e130d83&
Galio,갈리오,https://cdn.discordapp.com/attachments/1380885275382648914/1380930226250584124/Galio.png?ex=6845aafe&is=6844597e&hm=24fd5a09c9f527eec9f76a16b5aa887bc99f4e90ce2616c25a589defb50a73b4&
Gangplank,갱플랭크,https://cdn.discordapp.com/attachments/1380885275382648914/1380930226535530599/Gangplank.png?ex=6845aafe&is=6844597e&hm=4a24d87460d64fc606c63ee1df5ab36d8cf2c351b10a2095768c39149305646c&
Garen,가렌,https://cdn.discordapp.com/attachments/1380885275382648914/1380930226770546779/Garen.png?ex=6845aafe&is=6844597e&hm=8970ec97b95a1f4d589399c48b26dd562c6cee5c3bc5a4212f46031c30d8b8f5&
Gnar,나르,https://cdn.discordapp.com/attachments/1380885275382648914/1380930227060084818/Gnar.png?ex=6845aafe&is=6844597e&hm=843fe6f66b63de75f7ac9f57aec3b271427818354ee9a64e7f2d7509e9730b8d&
Gragas,그라가스,https://cdn.discordapp.com/attachments/1380885275382648914/1380931197600923729/Gragas.png?ex=6845abe5&is=68445a65&hm=da7849aca504309040ec8001630cecb584910445cda19d985179394f5724e0ef&
Graves,그레이브즈,https://cdn.discordapp.com/attachments/1380885275382648914/1380931197844324382/Graves.png?ex=6845abe6&is=68445a66&hm=77de1db7d5cd084a8371412be4cb99fe69877d607020d3b9f59f382af7a179b0&
Gwen,그웬,https://cdn.discordapp.com/attachments/1380885275382648914/1380931198066495609/Gwen.png?ex=6845abe6&is=68445a66&hm=0a3a6ef4b75432d604eac05c4e0df9728741f03e750cb3abfcccecda3c199b96&
Hecarim,헤카림,https://cdn.discordapp.com/attachments/1380885275382648914/1380931198301372496/Hecarim.png?ex=6845abe6&is=68445a66&hm=d41de2c0953f8ca5738681b07caea012544b0823a31ef63851cc57abdfabf465&
Heimerdinger,하이머딩거,https://cdn.discordapp.com/attachments/1380885275382648914/1380931198565482647/Heimerdinger.png?ex=6845abe6&is=68445a66&hm=dbdd6f1c89bb479b1f2dcf81febf63cb3b480fd63a089e9e900825fbc221d56d&
Hwei,흐웨이,https://cdn.discordapp.com/attachments/1380885275382648914/1380931198783721554/Hwei.png?ex=6845abe6&is=68445a66&hm=d886865d75121fe964e749f5428423a1dd8e3a151a94f105e879f5d359e62463&
Illaoi,일라오이,https://cdn.discordapp.com/attachments/1380885275382648914/1380931199006015719/Illaoi.png?ex=6845abe6&is=68445a66&hm=fd8e6585552ffef956f1c27873c7e225f585df7562d4d2f064815d9969d09492&
Irelia,이렐리아,https://cdn.discordapp.com/attachments/1380885275382648914/1380931199261999315/Irelia.png?ex=6845abe6&is=68445a66&hm=c7ac1c0ab3bb59dbb244ed1e2e85b16487c716a23d6a455364a899820548652d&
Ivern,아이번,https://cdn.discordapp.com/attachments/1380885275382648914/1380931199517724722/Ivern.png?ex=6845abe6&is=68445a66&hm=6e9d833e2bb851bf769d21d7d28ce75ecefabbdd25cebfaff3f99858062f24cb&
Janna,잔나,https://cdn.discordapp.com/attachments/1380885275382648914/1380931197378629693/Janna.png?ex=6845abe5&is=68445a65&hm=c346a77d9bf7d0499cd341d98c632786996a150b22e12090006ebd197512e963&
Jarvan_IV,자르반 4세,https://cdn.discordapp.com/attachments/1380885275382648914/1380931405751783485/Jarvan_IV.png?ex=6845ac17&is=68445a97&hm=5cf4ecb740184c220b1933257df4873af1e074bd85461ec6e392b152d2ef28ac&
Jax,잭스,https://cdn.discordapp.com/attachments/1380885275382648914/1380931405990592522/Jax.png?ex=6845ac17&is=68445a97&hm=d32bd94036d7a2574ae1fccd1018f6e23467804c39fc6dd7878c2edb0e34587b&
Jayce,제이스,https://cdn.discordapp.com/attachments/1380885275382648914/1380931406204637276/Jayce.png?ex=6845ac17&is=68445a97&hm=67359addf864441775edc1aac1607d916d6104f2f57029baca612f28a58e8833&
Jhin,진,https://cdn.discordapp.com/attachments/1380885275382648914/1380931406414483496/Jhin.png?ex=6845ac17&is=68445a97&hm=f2ccf58830ef67e9e16794155300aef342fa847e0e8584f9caef5e78c45189a5&
Jinx,징크스,https://cdn.discordapp.com/attachments/1380885275382648914/1380931406640709843/Jinx.png?ex=6845ac17&is=68445a97&hm=4c9ba24509af7f2b4aafcb9ff29676567fb2ff5c1db96a6c062db839511a2d86&
K_Sante,크산테,https://cdn.discordapp.com/attachments/1380885275382648914/1380931406858948638/K_Sante.png?ex=6845ac17&is=68445a97&hm=13021d559b66d46e0233d842e6841412b1fac55772c8399cc19612ec2389e9bd&
Kai_Sa,카이사,https://cdn.discordapp.com/attachments/1380885275382648914/1380931407186235453/Kai_Sa.png?ex=6845ac17&is=68445a97&hm=9127b6b1a61ff5c41e7269822889376f4ec787dd1399ade0eaa62602221c15f7&
Kalista,칼리스타,https://cdn.discordapp.com/attachments/1380885275382648914/1380931407429238886/Kalista.png?ex=6845ac17&is=68445a97&hm=13018af48bcdb32062e0936df6f0729342b02f63a6bb043de5a3b072db9826f9&
Karma,카르마,https://cdn.discordapp.com/attachments/1380885275382648914/1380931407681032242/Karma.png?ex=6845ac18&is=68445a98&hm=58025017bd3ad6dd7cdf66fd5fb2a5196f264ad460fedd11878cd6bf74d68299&
Karthus,카서스,https://cdn.discordapp.com/attachments/1380885275382648914/1380931405504188436/Karthus.png?ex=6845ac17&is=68445a97&hm=9c238e0d1f404b35b36a01d5cdfd008668b8cafa89af6bf9e6e8a92e4ffd1a73&
Kassadin,카사딘,https://cdn.discordapp.com/attachments/1380885275382648914/1380931603080941598/Kassadin.png?ex=6845ac46&is=68445ac6&hm=92d6c761f898dde14885ce373d3d3514931623a52ab27197ef2256b8b6f5a850&
Katarina,카타리나,https://cdn.discordapp.com/attachments/1380885275382648914/1380931603303366766/Katarina.png?ex=6845ac46&is=68445ac6&hm=81485807797dad5a297a06b7ef1343c7d5bec0adbe72b36662c7ee41cb780fe8&
Kayle,케일,https://cdn.discordapp.com/attachments/1380885275382648914/1380931603739709580/Kayle.png?ex=6845ac46&is=68445ac6&hm=0d0d532a33ebc64fc4e7ff792848bd5d067fcd54aa7752eecc6837de66d6e01b&
Kayn,케인,https://cdn.discordapp.com/attachments/1380885275382648914/1380931604054278246/Kayn.png?ex=6845ac46&is=68445ac6&hm=43dab158ca370377e29311c91779f963a8bcf9f30aa82683b7bdca0200efe2cb&
Kennen,케넨,https://cdn.discordapp.com/attachments/1380885275382648914/1380931604360204479/Kennen.png?ex=6845ac46&is=68445ac6&hm=667733805081f1f493adb17c468e1d685633b8a4370395e3cd7e826c4ea5f72b&
Kha_Zix,카직스,https://cdn.discordapp.com/attachments/1380885275382648914/1380931604620382218/Kha_Zix.png?ex=6845ac47&is=68445ac7&hm=6e071945bac965642b01383ae32c4d88802d72e95ca8f3a28def03d3d6eabee1&
Kindred,킨드레드,https://cdn.discordapp.com/attachments/1380885275382648914/1380931604943208478/Kindred.png?ex=6845ac47&is=68445ac7&hm=c7ddcdb7ab75038c0a53d5dfb6bf3ebe2cf5f3cb5188e8c8298427301bc0013b&
Kled,클레드,https://cdn.discordapp.com/attachments/1380885275382648914/1380931605186744320/Kled.png?ex=6845ac47&is=68445ac7&hm=7e66520446a123c140b250a6980615841c3ad7a777e576d55335007771cb2c12&
Kog_Maw,코그모,https://cdn.discordapp.com/attachments/1380885275382648914/1380931605442465823/Kog_Maw.png?ex=6845ac47&is=68445ac7&hm=31b12c19a9cb924d3bcdea46314d79632560b7c9d4bdb5db180582dc706a2840&
LeBlanc,르블랑,https://cdn.discordapp.com/attachments/1380885275382648914/1380931602867028088/LeBlanc.png?ex=6845ac46&is=68445ac6&hm=29df15f5a401642ca11bbb63588b27f22a027645215d6984367310065868bf98&
Lee_Sin,리신,https://cdn.discordapp.com/attachments/1380885275382648914/1380931764326895648/Lee_Sin.png?ex=6845ac6d&is=68445aed&hm=4572a2a7f6506d908ff9fbdad17156ddcfad7fb2697205c24115a86c00fd17b5&
Leona,레오나,https://cdn.discordapp.com/attachments/1380885275382648914/1380931764670697623/Leona.png?ex=6845ac6d&is=68445aed&hm=161098da6193be6844c2a533b2cd1a9768a83ad285230b51fa2ae6cfb8705e61&
Lillia,릴리아,https://cdn.discordapp.com/attachments/1380885275382648914/1380931765128134788/Lillia.png?ex=6845ac6d&is=68445aed&hm=26e8b9587aecfeff9e1fa195cbbec30afcb08ea3bc0105a66e1f159b03ab7c94&
Lissandra,리산드라,https://cdn.discordapp.com/attachments/1380885275382648914/1380931765526335642/Lissandra.png?ex=6845ac6d&is=68445aed&hm=a4bb21b7c659ab3eef7f55f409a55581e74cd55ac42344ada94bd92602731377&
Lucian,루시안,https://cdn.discordapp.com/attachments/1380885275382648914/1380931766013132902/Lucian.png?ex=6845ac6d&is=68445aed&hm=cf860ca72761415fef6d1cde78b30bfa1ef662442fcd12d4d0124a93f9b2d192&
Lulu,룰루,https://cdn.discordapp.com/attachments/1380885275382648914/1380931766373716100/Lulu.png?ex=6845ac6d&is=68445aed&hm=d8b2b673affde95296315630462f2dfc9c79da3142da837f7fcf282e302ad3b4&
Lux,럭스,https://cdn.discordapp.com/attachments/1380885275382648914/1380931766726164501/Lux.png?ex=6845ac6d&is=68445aed&hm=0ecb936e72ffd3a8aa5ec7101bfd848edad1759a056fb24732b1a9186571a117&
Malphite,말파이트,https://cdn.discordapp.com/attachments/1380885275382648914/1380931767040475146/Malphite.png?ex=6845ac6d&is=68445aed&hm=46a5fb0297880a9671c02baa058d258ef1d9f7752228da9c744d2a19fc9e5c45&
Malzahar,말자하,https://cdn.discordapp.com/attachments/1380885275382648914/1380931767342731404/Malzahar.png?ex=6845ac6d&is=68445aed&hm=e2ae6b7dcc59209d6d6ea2b809d330bd7022ff83beae1a8556e58bbe920cc132&
Maokai,마오카이,https://cdn.discordapp.com/attachments/1380885275382648914/1380931763999608993/Maokai.png?ex=6845ac6d&is=68445aed&hm=768ef2bfda3b6a5e664db52baa63715aaf95c8365590b4590431af61cd946c95&
Master_Yi,마스터 이,https://cdn.discordapp.com/attachments/1380885275382648914/1380931917473382420/Master_Yi.png?ex=6845ac91&is=68445b11&hm=28a8101733b118be77601b6ef564f7e864313e44b467ff15eb4fad08507e0251&
Mel,멜,https://cdn.discordapp.com/attachments/1380885275382648914/1380931917863583805/Mel.png?ex=6845ac91&is=68445b11&hm=1633f81001e5f46c12104d1dd6ebc9e79f61fbdbbff588450dda94d669a1f138&
Milio,밀리오,https://cdn.discordapp.com/attachments/1380885275382648914/1380931918119440494/Milio.png?ex=6845ac91&is=68445b11&hm=600c0a82ace93569749c34b00f1ed9631d0ccb9d57ad1316efa72e46181f7b15&
Miss_Fortune,미스 포츈,https://cdn.discordapp.com/attachments/1380885275382648914/1380931918450786355/Miss_Fortune.png?ex=6845ac91&is=68445b11&hm=eb07cec7e053d513277597680cd1c232d6c4e35de6ed80ec49d5e370232208ce&
Mordekaiser,모데카이저,https://cdn.discordapp.com/attachments/1380885275382648914/1380931918706769990/Mordekaiser.png?ex=6845ac91&is=68445b11&hm=4351e219be9d693b6cc1b60e0b455822e6079db676ec28f38b8a32c0349b1470&
Morgana,모르가나,https://cdn.discordapp.com/attachments/1380885275382648914/1380931918979268638/Morgana.png?ex=6845ac91&is=68445b11&hm=d3df71599c07aa3ba6851e10558d1b5b5c9e737c6613be844f1b65b5683225b4&
Naafiri,나피리,https://cdn.discordapp.com/attachments/1380885275382648914/1380931919264350329/Naafiri.png?ex=6845ac92&is=68445b12&hm=3d55bb1b7f799b3c31e996a6420a5f11b274ccb728ec35d6c39aa86e309758d3&
Nami,나미,https://cdn.discordapp.com/attachments/1380885275382648914/1380931919570669658/Nami.png?ex=6845ac92&is=68445b12&hm=1b66c894f76366044134cbd20dddd970df21d47837fe3f3123678d457c96b720&
Nasus,나서스,https://cdn.discordapp.com/attachments/1380885275382648914/1380931919927054470/Nasus.png?ex=6845ac92&is=68445b12&hm=7d554bea8b6bb577c3ce607078638b154fe4c511918423e2bca6701f372f9c43&
Nautilus,노틸러스,https://cdn.discordapp.com/attachments/1380885275382648914/1380931917163135016/Nautilus.png?ex=6845ac91&is=68445b11&hm=362e7ff33e310bbbf9a21724d01488cf543e5541c9c97e2d3d376f5b9a9f4b47&
Neeko,니코,https://cdn.discordapp.com/attachments/1380885275382648914/1380932068401348639/Neeko.png?ex=6845acb5&is=68445b35&hm=91403313953ad1ae72e7d15f4f5643a0d03d73fab20dd186ff1cd8ac93c47e3e&
Nidalee,니달리,https://cdn.discordapp.com/attachments/1380885275382648914/1380932068694823054/Nidalee.png?ex=6845acb5&is=68445b35&hm=a147ecf34322096d42a86b9ff734e4cf8a762eacfb8badf6a130ba394987eb54&
Nilah,닐라,https://cdn.discordapp.com/attachments/1380885275382648914/1380932069185687634/Nilah.png?ex=6845acb5&is=68445b35&hm=910a35365fee1104b46061186a1c0b23c5bb27bbfbe99e233fd53cebee85e7cf&
Nocturne,녹턴,https://cdn.discordapp.com/attachments/1380885275382648914/1380932069525553243/Nocturne.png?ex=6845acb5&is=68445b35&hm=026ede72e79bc78ad8723ac5af2640f4c7f142f49fa16e4b06afc38466efb064&
Nunu_Willump,누누와 윌럼프,https://cdn.discordapp.com/attachments/1380885275382648914/1380932069944852500/Nunu_Willump.png?ex=6845acb5&is=68445b35&hm=4be2eb9776d6d52e34adc7471e61d19be3a466c9ebb314699f8e35e6181a4178&
Olaf,올라프,https://cdn.discordapp.com/attachments/1380885275382648914/1380932070284726422/Olaf.png?ex=6845acb6&is=68445b36&hm=b2496ff269f1d45648627a456e5d20971d05451fd9830c59d771da50ab7edd88&
Orianna,오리아나,https://cdn.discordapp.com/attachments/1380885275382648914/1380932070687375561/Orianna.png?ex=6845acb6&is=68445b36&hm=043acf787441f0f167e16af0bf95dd8ec260f557369554a9ef027c557cfa77eb&
Ornn,오른,https://cdn.discordapp.com/attachments/1380885275382648914/1380932070997758022/Ornn.png?ex=6845acb6&is=68445b36&hm=0e1932c5c6ebd1328c250386ce8b16560d0314575ab3379e0d2abdb9c410aaaf&
Pantheon,판테온,https://cdn.discordapp.com/attachments/1380885275382648914/1380932071479967796/Pantheon.png?ex=6845acb6&is=68445b36&hm=320fb6301a715d5fe9dde29093e6bd8a96f6b8078d31813959be9bfb86a85ed2&
Poppy,뽀삐,https://cdn.discordapp.com/attachments/1380885275382648914/1380932068200153199/Poppy.png?ex=6845acb5&is=68445b35&hm=37986bdb10205a5305f5fe545e72aef5b789d69a8c918935d3ad6218864151bc&
Pyke,파이크,https://cdn.discordapp.com/attachments/1380885275382648914/1380932446023061606/Pyke.png?ex=6845ad0f&is=68445b8f&hm=767f76e26b7da726ad73dcb103f8b89dda0de469a5d31deaf7daedd99a62f0f0&
Qiyana,키아나,https://cdn.discordapp.com/attachments/1380885275382648914/1380932446278783116/Qiyana.png?ex=6845ad0f&is=68445b8f&hm=42d32abea6258f1fa2a6a38b6e557906f3e057ba07d8f4032e7f79d0a4b42010&
Quinn,퀸,https://cdn.discordapp.com/attachments/1380885275382648914/1380932446517727313/Quinn.png?ex=6845ad0f&is=68445b8f&hm=5a8676182f8ed1f353edae0b5ad0af32de8df0e25859825e4f858d46e3b029e1&
Rakan,라칸,https://cdn.discordapp.com/attachments/1380885275382648914/1380932446920376330/Rakan.png?ex=6845ad0f&is=68445b8f&hm=656e3f398c21ba24d5aec8408599c9cccbbc4b7a1107d0b21bdcd23054e2b4a0&
Rammus,람머스,https://cdn.discordapp.com/attachments/1380885275382648914/1380932447134421072/Rammus.png?ex=6845ad0f&is=68445b8f&hm=0af3844c1f479a395794dbd696369934662c2021e148e41226f304b66a1cddf3&
Rek_Sai,렉사이,https://cdn.discordapp.com/attachments/1380885275382648914/1380932447478222968/Rek_Sai.png?ex=6845ad0f&is=68445b8f&hm=b628a34b336105b49b8dfc9b0293752ccca46b2531964199cc70b70b2f4576f9&
Rell,렐,https://cdn.discordapp.com/attachments/1380885275382648914/1380932447742459974/Rell.png?ex=6845ad10&is=68445b90&hm=de1fc80facc92475ce6defa7b80091cccfb13c1dfeb2bcd4ced82f7ace9f6a93&
Renata_Glasc,레나타 글라스크,https://cdn.discordapp.com/attachments/1380885275382648914/1380932448002768979/Renata_Glasc.png?ex=6845ad10&is=68445b90&hm=830b9c9024a9a5423553018fce80d04c5adbcdda1025ced97229479f77161a56&
Renekton,레넥톤,https://cdn.discordapp.com/attachments/1380885275382648914/1380932448241713222/Renekton.png?ex=6845ad10&is=68445b90&hm=1a8b73d0d8572d995a64d0615356bd0f1c682dbd925ba461fc9d0f5e7d296f5a&
Rengar,렝가,https://cdn.discordapp.com/attachments/1380885275382648914/1380932445792370880/Rengar.png?ex=6845ad0f&is=68445b8f&hm=c8c65d03be006a7fbbddd36fa603121526710750e7fe3a868a37593e7066be42&
Riven,리븐,https://cdn.discordapp.com/attachments/1380885275382648914/1380932646619709611/Riven.png?ex=6845ad3f&is=68445bbf&hm=0ebca5d59cd450d3101fdd3f1e8d43ca517e979d82d2a7810e06f58449267c1b&
Rumble,럼블,https://cdn.discordapp.com/attachments/1380885275382648914/1380932646925897748/Rumble.png?ex=6845ad3f&is=68445bbf&hm=099642b621784e40211ba2530ea466a0688aef9ce0246eca7a5a83c41ff6e5df&
Ryze,라이즈,https://cdn.discordapp.com/attachments/1380885275382648914/1380932647361970326/Ryze.png?ex=6845ad3f&is=68445bbf&hm=3658c8809c694b923194e5a3bd8c8a1b48e91f2465674472cf855130aeaeb333&
Samira,사미라,https://cdn.discordapp.com/attachments/1380885275382648914/1380932647756365915/Samira.png?ex=6845ad3f&is=68445bbf&hm=22cc932b43972a02079e1c546f831e27eeeef03ce42f28db67e2d7801665c1af&
Sejuani,세주아니,https://cdn.discordapp.com/attachments/1380885275382648914/1380932648448561243/Sejuani.png?ex=6845ad3f&is=68445bbf&hm=3ad2c2b43bdc79228f9176da4e0740f5fe256b8a678b18cdc5ed803247d63f0a&
Senna,세나,https://cdn.discordapp.com/attachments/1380885275382648914/1380932648960000221/Senna.png?ex=6845ad40&is=68445bc0&hm=5b0540da46f3129a94d7ba6241de03fdbf8cfedce8db251ad99631b149dab14d&
Seraphine,세라핀,https://cdn.discordapp.com/attachments/1380885275382648914/1380932649337618564/Seraphine.png?ex=6845ad40&is=68445bc0&hm=6e2388b1d47c2f41c72e80df66f61bbfbe436bc78f1565843f99ea06538e26a1&
Sett,세트,https://cdn.discordapp.com/attachments/1380885275382648914/1380932649740144873/Sett.png?ex=6845ad40&is=68445bc0&hm=50b728c6bc7a7b94a7f5b492fc7483c815b9f6b508e2891afbd025043909deeb&
Shaco,샤코,https://cdn.discordapp.com/attachments/1380885275382648914/1380932650315022366/Shaco.png?ex=6845ad40&is=68445bc0&hm=e223a252e22cf271ebcdbe7b2d6bf7fdb0a825495ff7333c5b530a6090f7939c&
Shen,쉔,https://cdn.discordapp.com/attachments/1380885275382648914/1380932646380769310/Shen.png?ex=6845ad3f&is=68445bbf&hm=79d16d4bbafd3402e738da4f1d0eab90122394aa7e84d85c95102656b690aa0f&
Shyvana,쉬바나,https://cdn.discordapp.com/attachments/1380885275382648914/1380932811724165151/Shyvana.png?ex=6845ad66&is=68445be6&hm=e9f150653a28ae7dfd507a7a06084c7a9b7ba2b56b9c3ece19abbcfa86885230&
Singed,신지드,https://cdn.discordapp.com/attachments/1380885275382648914/1380932812051583098/Singed.png?ex=6845ad66&is=68445be6&hm=75137c9040f345ee9de104368ff6f2f65af85e0cc945d20dcca182dd1054ffa4&
Sion,사이온,https://cdn.discordapp.com/attachments/1380885275382648914/1380932812471009350/Sion.png?ex=6845ad66&is=68445be6&hm=b852e3727bb8740f0f21c25b3d8627c188e617617f52e52c65ff0c00de2a8796&
Sivir,시비르,https://cdn.discordapp.com/attachments/1380885275382648914/1380932812726734971/Sivir.png?ex=6845ad67&is=68445be7&hm=31a68f8141e1e522edad86176673f6c3cee2834d0293dcff2f07c68c72408504&
Skarner,스카너,https://cdn.discordapp.com/attachments/1380885275382648914/1380932812961611858/Skarner.png?ex=6845ad67&is=68445be7&hm=143b50c71485acb4a6a0254549c103a83685d7aea1cd2844bdb7eab260aca279&
Smolder,스몰더,https://cdn.discordapp.com/attachments/1380885275382648914/1380932813171200092/Smolder.png?ex=6845ad67&is=68445be7&hm=43343b550f3c1a8699e3a44f075184d9609174e77d300b9537d2cbb18efba327&
Sona,소나,https://cdn.discordapp.com/attachments/1380885275382648914/1380932813381177474/Sona.png?ex=6845ad67&is=68445be7&hm=4c3ede3593bc41ed7c5866514274b44f6db98df5ad11729cf4d0ca1986c99a18&
Soraka,소라카,https://cdn.discordapp.com/attachments/1380885275382648914/1380932813611860008/Soraka.png?ex=6845ad67&is=68445be7&hm=9b3e7e79df6d9b906d888f588c4cccd13f3e03243a8418cd12300da200b49b5c&
Swain,스웨인,https://cdn.discordapp.com/attachments/1380885275382648914/1380932813842284564/Swain.png?ex=6845ad67&is=68445be7&hm=9ae884246f8fb1942a7dd278e20b31a9a4c735293959a5bf24e1aa175d7c31a9&
Sylas,사일러스,https://cdn.discordapp.com/attachments/1380885275382648914/1380932811468439692/Sylas.png?ex=6845ad66&is=68445be6&hm=ba0362f3df38842f2a7036bb66bbe874ad7100d9930e3b08ac178bd976bf9208&
Syndra,신드라,https://cdn.discordapp.com/attachments/1380885275382648914/1380932962325106760/Syndra.png?ex=6845ad8a&is=68445c0a&hm=bcc6d045641f21186d92ea719b0d4018dc48b5b25f7317be3c317c68e745c7a6&
Tahm_Kench,탐 켄치,https://cdn.discordapp.com/attachments/1380885275382648914/1380932962576498759/Tahm_Kench.png?ex=6845ad8a&is=68445c0a&hm=06c0e973aa0fba01204c1811fa4e7a8bfb234daf93ce94619789b5db32a2bb40&
Taliyah,탈리야,https://cdn.discordapp.com/attachments/1380885275382648914/1380932962844938260/Taliyah.png?ex=6845ad8a&is=68445c0a&hm=a4711f42ce738046e1a3667d40ca55388dd76a418e026dde40538d5f2f0e9c4a&
Talon,탈론,https://cdn.discordapp.com/attachments/1380885275382648914/1380932963080081498/Talon.png?ex=6845ad8a&is=68445c0a&hm=4c5a8aa5df74f0c4521c2889803b8f70c76f8b5786fab8aa0c47d00bf71d92c8&
Taric,타릭,https://cdn.discordapp.com/attachments/1380885275382648914/1380932963314696333/Taric.png?ex=6845ad8a&is=68445c0a&hm=810f39d6d30dd97104a624d39d1f2fd4a4ceb12d3d6851be35d4c7f850243798&
Teemo,티모,https://cdn.discordapp.com/attachments/1380885275382648914/1380932963683799140/Teemo.png?ex=6845ad8b&is=68445c0b&hm=a49ea858ca065286c36eda751e23929dead532ad81283247d7751b0d436bc18e&
Thresh,쓰레쉬,https://cdn.discordapp.com/attachments/1380885275382648914/1380932963981856880/Thresh.png?ex=6845ad8b&is=68445c0b&hm=3e47d7aa3a332c1cf9e348f98224375e43980ccfcb7ff6362ffde07e899a2e3b&
Tristana,트리스타나,https://cdn.discordapp.com/attachments/1380885275382648914/1380932964266934473/Tristana.png?ex=6845ad8b&is=68445c0b&hm=1e0ef38eefc59c27b959fcd350b788b5a40dc7c0bd2f6a6c2bfa284d649c4e11&
Trundle,트런들,https://cdn.discordapp.com/attachments/1380885275382648914/1380932964510208111/Trundle.png?ex=6845ad8b&is=68445c0b&hm=8e72f646ae60966bf1ea4499ab581dfa72d8e5089ad055635828d245e10d75be&
Tryndamere,트린다미어,https://cdn.discordapp.com/attachments/1380885275382648914/1380932962085769346/Tryndamere.png?ex=6845ad8a&is=68445c0a&hm=c14da1dd21e14c4e1b064ad3f4ef93d99bc58c13d3720bc051d796f744e6672f&
Twisted_Fate,트위스티드 페이트,https://cdn.discordapp.com/attachments/1380885275382648914/1380933103165378712/Twisted_Fate.png?ex=6845adac&is=68445c2c&hm=6cf4e48b9fc4bebfc8b822d321f4fffa6e695270741abb49d8056162edc9f48b&
Twitch,트위치,https://cdn.discordapp.com/attachments/1380885275382648914/1380933103719157812/Twitch.png?ex=6845adac&is=68445c2c&hm=d9aeb8c37a9d5e556fa57f2656c9f91bd0eb0404d934f45ed77330292b18d6f8&
Udyr,우디르,https://cdn.discordapp.com/attachments/1380885275382648914/1380933104079736862/Udyr.png?ex=6845adac&is=68445c2c&hm=9c2c6551fe7380aefeb56a00a84c05c3a7d04acef2cd470a71471b5e102f9bb8&
Urgot,우르곳,https://cdn.discordapp.com/attachments/1380885275382648914/1380933104658812938/Urgot.png?ex=6845adac&is=68445c2c&hm=0c7485ada0a4f1877646835dbacb04c1ed5fec0adffde8a62082f646af762822&
Varus,바루스,https://cdn.discordapp.com/attachments/1380885275382648914/1380933104998285372/Varus.png?ex=6845adac&is=68445c2c&hm=87ae0e0060718526c205410557f29971327f7c8f558f5a2dcb066f84e6f52eb2&
Vayne,베인,https://cdn.discordapp.com/attachments/1380885275382648914/1380933105296085177/Vayne.png?ex=6845adac&is=68445c2c&hm=163e89861951ab5c29cf8827494a2e3f7718b50503f6cb7ce05569d5bead6319&
Veigar,베이가,https://cdn.discordapp.com/attachments/1380885275382648914/1380933105602531358/Veigar.png?ex=6845adac&is=68445c2c&hm=fa7c059ac4e7acbce7a70bad47eff148455cf0ffd9397f0e96494304a863998a&
Vel_Koz,벨코즈,https://cdn.discordapp.com/attachments/1380885275382648914/1380933105883287824/Vel_Koz.png?ex=6845adac&is=68445c2c&hm=8dc478ea4f3c3fa89c856d920afaa6da6b7d934b74628638a945cf3a1ff2ed18&
Vex,벡스,https://cdn.discordapp.com/attachments/1380885275382648914/1380933106135203951/Vex.png?ex=6845adac&is=68445c2c&hm=b273a80f4618df579d36468d2c1ed62bedce55545c4a34f373b92aee083c45f9&
Vi,바이,https://cdn.discordapp.com/attachments/1380885275382648914/1380933102796538047/Vi.png?ex=6845adac&is=68445c2c&hm=bb864b473ae66083d417caafc66f013e31007c521afb73c122b7473c22383610&
Viego,비에고,https://cdn.discordapp.com/attachments/1380885275382648914/1380933245847339079/Viego.png?ex=6845adce&is=68445c4e&hm=1cfa03ee6b0fbaf1979319c805c105310afb06724bc0befe3935790b87b356de&
Viktor,빅토르,https://cdn.discordapp.com/attachments/1380885275382648914/1380933246124298310/Viktor.png?ex=6845adce&is=68445c4e&hm=3423bf1ed4d4fe43ce6996cdfdcd8d1e39ec416291f75378dda2214099a4e4ee&
Vladimir,블라디미르,https://cdn.discordapp.com/attachments/1380885275382648914/1380933246367436965/Vladimir.png?ex=6845adce&is=68445c4e&hm=cecaece3c20f7b400da6d0fc0662b49479337fe83951b203c4ae2bf2d4e35f93&
Volibear,볼리베어,https://cdn.discordapp.com/attachments/1380885275382648914/1380933246673616996/Volibear.png?ex=6845adce&is=68445c4e&hm=099979e0813f79be16f0daba785aab94f8fce39d2ff02581e71c21d751f69f9f&
Warwick,워윅,https://cdn.discordapp.com/attachments/1380885275382648914/1380933247059628092/Warwick.png?ex=6845adce&is=68445c4e&hm=3660583167be99c30fb07c0a7db502f2b654f30a013c92d4ba924b9b0b02ffc1&
Wukong,오공,https://cdn.discordapp.com/attachments/1380885275382648914/1380933247302762666/Wukong.png?ex=6845adce&is=68445c4e&hm=8e9d991e9ae4a227bf57f760db1d430bcf880c9fab8d2d7c9103431c09fce405&
Xayah,자야,https://cdn.discordapp.com/attachments/1380885275382648914/1380933247697158244/Xayah.png?ex=6845adce&is=68445c4e&hm=3f5afcd326d9b2e97bbdd0cef1d8d44dbc3e297650d1b1b119f926bb9dfd4180&
Xerath,제라스,https://cdn.discordapp.com/attachments/1380885275382648914/1380933247986434210/Xerath.png?ex=6845adce&is=68445c4e&hm=4ff1d78ddfa4b84e84ca11695f0169ae2f885d53a4c0bf9f6da08d290f4c4977&
Xin_Zhao,신 짜오,https://cdn.discordapp.com/attachments/1380885275382648914/1380933248242417734/Xin_Zhao.png?ex=6845adce&is=68445c4e&hm=c3cf7e6fb44f3d5c06b92e5126c918127bc0d9d347bfeba7c5ea2ee3e57e871f&
Yasuo,야스오,https://cdn.discordapp.com/attachments/1380885275382648914/1380933245595811850/Yasuo.png?ex=6845adce&is=68445c4e&hm=e1bdc51ffa412d0ce7ea287cbc6149a6091c612a16248a6d3f3f023f51de2035&
Yone,요네,https://cdn.discordapp.com/attachments/1380885275382648914/1380933441406636032/Yone.png?ex=6845adfc&is=68445c7c&hm=f5edf6d13961ed0533f0835a1376de488c90d315ebe671387e89957af6a70cb0&
Yorick,요릭,https://cdn.discordapp.com/attachments/1380885275382648914/1380933441826062448/Yorick.png?ex=6845adfd&is=68445c7d&hm=1b70cde570a92cef5f40ffbb3cb72d6e0e670b5a8d93fca7d36a6ab3ce5106d6&
Yuumi,유미,https://cdn.discordapp.com/attachments/1380885275382648914/1380933442312867951/Yuumi.png?ex=6845adfd&is=68445c7d&hm=aa080d5152f8087c016ef4a7a6e7666ed89b0932114cda46765638317b37b3de&
Zac,자크,https://cdn.discordapp.com/attachments/1380885275382648914/1380933442589556746/Zac.png?ex=6845adfd&is=68445c7d&hm=3bc9f7466b9e40c1fb799e0fbf7ac8407bff1b60d139ef9ad0d164d5b0c941ea&
Zed,제드,https://cdn.discordapp.com/attachments/1380885275382648914/1380933442791014420/Zed.png?ex=6845adfd&is=68445c7d&hm=c09330d822ae33bfd1b9b9efaba4bbd656b85379c8e5dc95f8542aebd2ae587e&
Zeri,제리,https://cdn.discordapp.com/attachments/1380885275382648914/1380933443013316748/Zeri.png?ex=6845adfd&is=68445c7d&hm=67e2fa9266dee3d78ce2853dda982d60a23ed170b5eab02a8a0c5ebcba9dc864&
Ziggs,직스,https://cdn.discordapp.com/attachments/1380885275382648914/1380933443235479683/Ziggs.png?ex=6845adfd&is=68445c7d&hm=5d7d3b10d1bd9dd92fa27b9d989f07a9ca2b462b509e162264784756a8150ac0&
Zilean,질리언,https://cdn.discordapp.com/attachments/1380885275382648914/1380933443466297444/Zilean.png?ex=6845adfd&is=68445c7d&hm=25d5325f50b45e795eac25ef4e52cbecf4f6368083b142a762774b75f71c43c2&
Zoe,조이,https://cdn.discordapp.com/attachments/1380885275382648914/1380933443776679946/Zoe.png?ex=6845adfd&is=68445c7d&hm=ada233d0c3e1a1ac2013dfb8b8f5b315633b76da3cc929741e2a6078bd3510bf&
Zyra,자이라,https://cdn.discordapp.com/attachments/1380885275382648914/1380933441104642179/Zyra.png?ex=6845adfc&is=68445c7c&hm=82eb918bdc6fc9640a1e108eb50640806e4e6096ecb7d2acac60fa02f55a46e6&
